"﻿""capitulo""",Nome,Liberação Bodhisattvica,Desc. Personagem,Ocupação,Significado,Local,Resumo do Cap. (84000.co),Cap. FILE NAME,Cap. URL,QR Code URL,LINK MODEL (.glb),Technosutra (Item),Rich content,ID,Created Date,Updated Date,Owner
19,Samanta­netra,"As Formas de Perfume que Satisfazem Todos os Seres e Através das quais, de Todas as maneiras, se faz Oferendas e se Honra os Budas","Sudhana encontra Samantanetra em sua loja, onde ele não apenas vende perfumes, mas aplica um profundo conhecimento de fragrâncias e medicina para curar todos os tipos de doenças (físicas, mentais e espirituais).",Perfumista,Olhos Universais,"Uma loja de perfumes na cidade de Samantamukha, na terra de Vetramūlaka.","Sudhana encontra Samantanetra numa loja de perfumes no meio da cidade. Samantanetra descreve como ele pode curar todas as doenças, curar os seres e colocá-los no caminho da iluminação. Ele também é capaz de fazer uma oferenda de perfume a todos os reinos búdicos. Entretanto, seu conhecimento é limitado a este portal chamado as formas de perfume que satisfazem todos os seres e através das quais, de todas as maneiras, se faz oferendas e se honra os budas.",19 SAMANTANETRA Stem Array.pdf,https://drive.google.com/file/d/1wBrJ7brrwUuAOH4vJxK2eOVA271JM0YY/view?usp=drive_link,https://technosutra21.github.io/technosutra/?model=19,https://cdn.statically.io/gh/technosutra21/technosutra/master/modelo19.glb,/technosutra/samanta%C2%ADnetra,,0a00ddcf-4612-4ee7-9867-6c493439344b,2025-06-22T01:52:15Z,2025-07-14T19:22:22Z,540c04c9-09fc-436f-957a-b842dc06a474
2,Samanta­bhadra ,'-,"Após o Buda entrar no samādhi ""O Rugido do Leão"", o bodhisattva Samantabhadra assume a liderança para explicar a profundidade desse estado à assembleia.",Bodhisattva,All Good,"Jetavana, no parque de Anāthapiṇḍada em Śrāvastī.","O bodhisattva Samantabhadra recita versos para os bodhisattvas descrevendo a inconcebível penetração dos fenómenos pelos budas. Além disso, o Buda, ainda em samādhi, emana um raio de luz de entre as suas sobrancelhas para que os bodhisattvas possam ver esses incontáveis reinos búdicos, e num estado de grande alegria os bodhisattvas emanam inúmeras manifestações.",02 SAMANTABHADRA Stem Array.pdf,https://drive.google.com/file/d/1QYST-3K_N-uUSpWA5sa-G5ovCHA-gfU2/view?usp=drive_link,https://technosutra21.github.io/technosutra/?model=2,https://cdn.statically.io/gh/technosutra21/technosutra/master/modelo2.glb,/technosutra/samanta%C2%ADbhadra,,0a3d3f1e-7f98-4f08-a0b5-aac7027c2545,2025-06-22T01:52:15Z,2025-07-14T19:22:22Z,540c04c9-09fc-436f-957a-b842dc06a474
56,Samanta­bhadra ,!,"Depois de ser estabelecido na conduta de Samantabhadra por Mañjuśrī, Sudhana, com a mente totalmente purificada e focada, anseia por ver Samantabhadra.",Bodhisattva,Universalmente Venerável,"No bodhimaṇḍa, diante do Tathāgata Vairocana.","Sudhana tem grande realização e raízes de mérito, e por isso ocorrem dez eventos e dez luzes que são presságios do aparecimento de Samantabhadra. Sudhana vê Samantabhadra sentado diante do Buda, e vê uma variedade de eventos milagrosos que se manifestam a partir dos poros de Samantabhadra e das atividades de Samantabhadra em incontáveis reinos e através do tempo. Como resultado, ele alcança dez práticas da perfeição do conhecimento. Então Samantabhadra e todos aqueles Samantabhadras antes de cada buda colocam suas mãos sobre a cabeça de Sudhana, e ele obtém grandes realizações.",56 SAMANTABHADRA AND “THE PRAYER FOR Stem Array.pdf,https://drive.google.com/file/d/1Sh_OpQEZy2OLbkU2JHC2qN20VWY2SOnS/view?usp=drive_link,https://technosutra21.github.io/technosutra/?model=56,https://cdn.statically.io/gh/technosutra21/technosutra/master/modelo56.glb,/technosutra/samanta%C2%ADbhadra,,0ffe72cf-7519-4f9d-9edc-c7455e11439a,2025-06-22T01:52:15Z,2025-07-14T19:22:22Z,540c04c9-09fc-436f-957a-b842dc06a474
10,Āśā,Estandarte da Bem-Aventurança Sem Tristeza,"Āśā está sentada em um grande trono feito da essência do ouro, adornada com uma coroa de pérolas e joias preciosas que emitem raios de luz gloriosa. Seus braços são decorados com braceletes de ouro e ela usa brincos de pendente azul escuro, todos brilhantes e radiantes.",Devota leiga,Esperança,"Parque Samantavyūha na cidade de Samudravetāḍī. O parque é uma manifestação direta da mente de Āśā, descrito como um paraíso de magnificência inconcebível, com dez trilhões de mansões de joias, cem mil kūṭāgāras de ouro, milhares de palácios aéreos e um milhão de lagos perfumados com sândalo divino. No centro, ergue-se o palácio Vicitra dhvaja, feito de joias oceânicas e berilo.","Sudhana chega ao Parque Samantavyūha, que é milagrosamente belo e feito de substâncias preciosas. A upāsikā Āśā está sentada num trono dentro de um magnífico palácio, com um vasto número de seres de vários tipos a prestar-lhe homenagem. Ela diz a Sudhana que alcançou a liberação bodhisattvica, chamada estandarte da bem-aventurança sem tristeza, e conta seu passado como aluna de inúmeros budas. Ela enfatiza como os bodhisattvas são dedicados ao bem-estar de todos os seres.",10 ĀŚĀ Stem Array.pdf,https://drive.google.com/file/d/1i6Gx_VjZXE64pIfHIDJzxsmZrKbnJmXs/view?usp=drive_link,https://technosutra21.github.io/technosutra/?model=10,https://cdn.statically.io/gh/technosutra21/technosutra/master/modelo10.glb,/technosutra/%C4%81%C5%9B%C4%81,,100c1980-9202-4f5d-ab41-f757c61ca268,2025-06-22T01:52:15Z,2025-07-14T19:22:22Z,540c04c9-09fc-436f-957a-b842dc06a474
28,Vasumitrā, A Completa Realização da Liberdade do Desejo,Sudhana procura por Vasumitrā e encontra uma divisão na opinião pública.,Cortesã,Amiga da Terra,"Śubhaparaṃgama
(cidade)","Sudhana chega à cidade de Ratnavyūha na terra de Durga e procura a cortesã Vasumitrā. As pessoas que não conhecem suas qualidades perguntam-se porque é que um praticante como Sudhana iria querer vê-la enquanto aqueles que conhecem suas qualidades dizem-lhe onde é a sua casa. É vasta, composta por muitos edifícios feitos de materiais preciosos e de aspecto divino. Ela é bela e hábil em línguas e em todas as artes e tratados. O seu corpo ilumina sua residência. Ela diz a Sudhana que assume uma bela forma entre vários tipos de seres que estão sob o poder do desejo e lhes ensina o Dharma para libertá-los do desejo, e que eles também se libertam do desejo ao vê-la, tocá-la, beijá-la e assim por diante.",28 VASUMITRĀ Stem Array.pdf,https://drive.google.com/file/d/1p6LzH4_G1caU5ylXM-puG_gj6LGkXb8U/view?usp=drive_link,https://technosutra21.github.io/technosutra/?model=28,https://cdn.statically.io/gh/technosutra21/technosutra/master/modelo28.glb,/technosutra/vasumitr%C4%81,,11787a13-fd3e-4002-bbb7-2561d4e7ec15,2025-06-22T01:52:15Z,2025-07-14T19:22:22Z,540c04c9-09fc-436f-957a-b842dc06a474
23,Sarvagamin, Luz da Prática de Todos os Portais,"Ao anoitecer, Sudhana encontra Sarvagamin no topo de uma colina brilhante, sendo reverenciado por dez mil brâmanes que o circum-ambulam.",Mendicante,Aquele que Vai a Todos os Lugares,"O topo da colina Sulabha, perto da cidade de Tosala, na terra de Amitatosala.","Depois de uma longa viagem, Sudhana chega à cidade de Tosala na terra chamada Amitatosala. Tendo procurado pela cidade, ele vai até uma colina brilhante chamada Sulabha ao norte da cidade. Em seu cume, ele encontra Sarvagamin sendo honrado por dez mil brâmanes. Sarvagamin descreve como, através do samādhi chamado luz da prática de todos os portais, ele pode beneficiar os seres de muitas maneiras, em muitos mundos.",23 SARVAGAMIN Stem Array.pdf,https://drive.google.com/file/d/1V84Td7uVeuhqhUKwSNKL8CHMZ2eyUza0/view?usp=drive_link,https://technosutra21.github.io/technosutra/?model=23,https://cdn.statically.io/gh/technosutra21/technosutra/master/modelo23.glb,/technosutra/sarvagamin,,175df523-10f7-4123-ae5f-cd81953da265,2025-06-22T01:52:15Z,2025-07-14T19:22:22Z,540c04c9-09fc-436f-957a-b842dc06a474
21,Mahāprabha,Estandarte do Grande Amor de Inúmeros Budas,"Sudhana entra na cidade mais espetacular de sua jornada e encontra o Rei Mahāprabha, que governa não pela força, mas através do poder transformador do amor universal.",Rei,Grande Luz,"A cidade de Suprabha, descrita como uma utopia de magnificência inconcebível, com sete fossos de joias, sete muralhas de diamantes, e milhões de palácios e pavilhões celestiais.","Depois de uma longa busca, Sudhana encontra a cidade de Suprabha, que parece ser milagrosamente feita de materiais preciosos. Ele encontra o rei Mahāprabha sentado num trono na cidade, junto com grandes quantidades de bens, animais e mulheres dispostos como presentes. O rei Mahāprabha diz a Sudhana que ele alcançou a conduta de bodhisattva chamada estandarte do grande amor de inúmeros budas e fornece a todos no seu reino tudo o que desejarem.",21 MAHĀPRABHA Stem Array.pdf,https://drive.google.com/file/d/1WxwwnQ2gdb8KcnJ35IJYXNXeXiyc4OVC/view?usp=drive_link,https://technosutra21.github.io/technosutra/?model=21,https://cdn.statically.io/gh/technosutra21/technosutra/master/modelo21.glb,/technosutra/mah%C4%81prabha,,1c8b6f00-33e7-4cf4-930b-45009bc3fc7e,2025-06-22T01:52:15Z,2025-07-14T19:22:22Z,540c04c9-09fc-436f-957a-b842dc06a474
14,Sudarśana,Lâmpada da sabedoria que Nunca se Extingue,Meditação em pé na floresta,Mendicante,"Bonito, de Boa Visão",Uma densa floresta na terra de Trinayana.,"Depois de uma longa busca, Sudhana encontra o monge Sudarśana auxiliado por devas enquanto pratica meditação andando numa floresta. Ele diz a Sudhana que, durante sua vida, ele foi aluno de inúmeros budas por vastos períodos de tempo e percebe inúmeros budas enquanto pratica sua meditação andando. Entretanto, seu conhecimento é limitado a essa liberação bodhisattvica chamada lâmpada da sabedoria que nunca se extingue.",14 SUDARŚANA Stem Array.pdf,https://drive.google.com/file/d/1dMKRZBDONzsv_qoP2fNLtpaIs1hH_pdY/view?usp=drive_link,https://technosutra21.github.io/technosutra/?model=14,https://cdn.statically.io/gh/technosutra21/technosutra/master/modelo14.glb,/technosutra/sudar%C5%9Bana,,1e5c2f8a-0821-47b2-b20e-35de82872cbb,2025-06-22T01:52:15Z,2025-07-14T19:22:22Z,540c04c9-09fc-436f-957a-b842dc06a474
39,Sarva­nagara­rakṣā­saṃbhava­tejaḥ­śrī,entrada em belos sons e manifestações profundas,"Sudhana se aproxima da deusa, cujo corpo se manifesta simultaneamente em todas as direções, aparecendo diante de todos os seres de forma adaptada para guiá-los e amadurecê-los.",Deusa da Noite,Glória do Brilho Nascido da Proteção de Todas as Cidades,"Sudhana a encontra sentada em um grande trono de lótus, com um séquito de incontáveis deusas da noite.","Sudhana vê a deusa da noite Sarvanagararakṣāsaṃbhavatejaḥśrī sentada em um trono de lótus e tendo um corpo que pode aparecer e se comunicar com todos os seres. Ela diz a ele que alcançou a liberação bodhisattvica chamada entrada em belos sons e manifestações profundas. Ela descreve como guia os seres, ensinando o Dharma de várias maneiras, e como vê o reino dos fenômenos de dez maneiras e ensina através de milhares de poderes de retenção mental, dez dos quais ela lista.",39 SARVANAGARARAKṢĀSAṂBHAVATEJAḤŚRĪ Stem Array.pdf,https://drive.google.com/file/d/1MpF-hIcWTaSFsUo-0yF8euMmwL3rf4Gt/view?usp=drive_link,https://technosutra21.github.io/technosutra/?model=39,https://cdn.statically.io/gh/technosutra21/technosutra/master/modelo39.glb,/technosutra/sarva%C2%ADnagara%C2%ADrak%E1%B9%A3%C4%81%C2%ADsa%E1%B9%83bhava%C2%ADteja%E1%B8%A5%C2%AD%C5%9Br%C4%AB,,24990fbf-08d6-423a-8194-cad9aa0e49e4,2025-06-22T01:52:15Z,2025-07-14T19:22:22Z,540c04c9-09fc-436f-957a-b842dc06a474
26,Jayottama,!,"Sudhana encontra Jayottama no meio de uma assembleia cívica, rodeado por milhares de chefes de família.",Ancião da cidade,Glória da Vitória,"Uma floresta de árvores ashoka chamada Vicitra Dhvaja, na periferia da cidade de Nandihāra.","Sudhana chega à cidade chamada Nandihāra e encontra Jayottama numa floresta no lado leste da cidade, falando sobre deveres cívicos a muitos milhares de chefes de família. Ele conta a Sudhana como em muitos mundos ele ensina o Dharma, pacífica disputas e guerras, guia as pessoas para longe do mau comportamento e as coloca no caminho da iluminação.",26 JAYOTTAMA Stem Array.pdf,https://drive.google.com/file/d/1-8QOFBQLr1tFsPYDt89-TdLfoJFMh9v-/view?usp=drive_link,https://technosutra21.github.io/technosutra/?model=26,https://cdn.statically.io/gh/technosutra21/technosutra/master/modelo26.glb,/technosutra/jayottama,,252ffd61-368a-4582-ad5c-8d834b39d8cd,2025-06-22T01:52:15Z,2025-07-14T19:22:22Z,540c04c9-09fc-436f-957a-b842dc06a474
6,Supratiṣṭhita,Ápice Desimpedido,"Sudhana encontra Supratiṣṭhita não em terra, mas caminhando no céu, como o centro de uma vasta procissão cósmica, sendo reverenciado com oferendas por uma imensa assembleia de seres celestiais e mitológicos que o acompanham.",Monge,Firmemente Estabelecido,"Sāgaratīra, na região de Laṅka.","Sudhana procura Supratiṣṭhita e, por fim, vê-o caminhando no céu acompanhado por uma vasta reunião de vários tipos de divindades, que lhe prestam homenagem. Supratiṣṭhita afirma que ele alcançou uma sabedoria chamada o ápice desimpedido, de modo que ele conhece vidas passadas, todos os budas passados, todas as línguas, quando guiar os seres, e assim por diante, e pode realizar todos os tipos de milagres.",06 SUPRATIṢṬHITA Stem Array.pdf,https://drive.google.com/file/d/1VwEshXbZ0N1UwJJTx_U1XZC14U1NapKi/view?usp=drive_link,https://technosutra21.github.io/technosutra/?model=6,https://cdn.statically.io/gh/technosutra21/technosutra/master/modelo6.glb,/technosutra/suprati%E1%B9%A3%E1%B9%ADhita,,266c8369-5db5-49da-9cd7-8451f2d3d5d8,2025-06-22T01:52:15Z,2025-07-14T19:22:22Z,540c04c9-09fc-436f-957a-b842dc06a474
31,Ananyagāmin,surgimento de cada portal aos pés do Buda Samantaśrīsaṃbhava,"Relutantemente, mas obediente à instrução, Sudhana deixa Avalokiteśvara e se aproxima do bodhisattva Ananyagāmin, que havia chegado de forma milagrosa.",Viajante universal,Aquele que Vai Sem Obstáculos,"No pico de uma montanha do sistema de mundos Sahā, tendo chegado do leste.","Sudhana vai ver o bodhisattva Ananyagāmin, que diz que no reino oriental de Śrīgarbhavatī ele alcançou a liberação bodhisattvica chamada o surgimento de cada portal aos pés do Buda Samantaśrīsaṃbhava, e que ele levou incontáveis kalpas para chegar a este mundo, embora tenha passado por incontáveis reinos a cada passo. Ele também fez oferendas a todos os budas naqueles reinos e manifestou corpos para beneficiar os seres de lá, e fez isso enquanto se aproximava deste mundo de todas as outras direções simultaneamente.",31 ANANYAGĀMIN Stem Array.pdf,https://drive.google.com/file/d/1KO6YxcDSW-KInbacyEU_N4x7CMvy5WJp/view?usp=drive_link,https://technosutra21.github.io/technosutra/?model=31,https://cdn.statically.io/gh/technosutra21/technosutra/master/modelo31.glb,/technosutra/ananyag%C4%81min,,2e674204-1cef-49ea-8c48-89c2166e7d6d,2025-06-22T01:52:15Z,2025-07-14T19:22:22Z,540c04c9-09fc-436f-957a-b842dc06a474
4,Meghaśrī,,"Seguindo a instrução de Mañjuśrī, Sudhana viaja para a montanha Sugrīva.",Monge,Glória da Nuvem,"Montanha Sugrīva, na terra de Rāmāvarānta.","Sudhana chega a Rāmāvarānta e encontra o monge Meghaśrī caminhando num planalto, no cume de uma montanha. Meghaśrī descreve como ele pode ver todos os tathāgatas em todas as direções. No entanto, ele afirma que seu conhecimento é limitado e não pode descrever as várias realizações que permitem que outros bodhisattvas vejam todos os tathāgatas.",04 MEGHAŚRĪ Stem Array.pdf,https://drive.google.com/file/d/1yEATMBo_kjkqgjNKulOmWIUlOCbzg8DV/view?usp=drive_link,https://technosutra21.github.io/technosutra/?model=4,https://cdn.statically.io/gh/technosutra21/technosutra/master/modelo4.glb,/technosutra/megha%C5%9Br%C4%AB,,2ec8f8bb-63ba-4f87-8822-7f731b9c0689,2025-06-22T01:52:15Z,2025-07-14T19:22:22Z,540c04c9-09fc-436f-957a-b842dc06a474
3,Manjushri,'-,Mañjuśrī parte de Jetavana com um vasto séquito.,Bodhisattva,Beautiful One with Auspiciousness,"A narrativa começa em Jetavana e segue Mañjuśrī em uma jornada para o sul, até a cidade de Dhanyākara e a floresta sagrada de Vicitra sāla dhvaja vyūha nas proximidades.","Através da benção do Buda, Śāriputra é capaz de ver Mañjuśrī, que está partindo para o Sul da Índia. Acompanhado de seus sessenta alunos, ele segue Mañjuśrī. Ele elogia Mañjuśrī ao seu aluno Sāgarabuddhi. Todos eles vão até Mañjuśrī e prestam-lhe homenagem, e Mañjuśrī ensina-lhes dez motivações. Em seguida, Mañjuśrī vai para a Floresta de Vicitrasāladhvajavyūha, perto da cidade de Dhanyākara. Mañjuśrī descreve os milagres ocorridos no nascimento de Sudhana, elogia Sudhana e ensina a ele e aos outros sobre a natureza dos budas. Mañjuśrī parte; Sudhana segue-o e, em verso, louva-o e pede ensinamentos. Mañjuśrī o instruiu a desenvolver a conduta de bodhisattva confiando em kalyāṇamitras.",03 MAÑJUŚRĪ Stem Array.pdf,https://drive.google.com/file/d/1KS-LppkNjhv-z3LbrTV3E6PcLPqKBuy9/view?usp=drive_link,https://technosutra21.github.io/technosutra/?model=3,https://cdn.statically.io/gh/technosutra21/technosutra/master/modelo3.glb,/technosutra/manjushri,,2ecca70e-a259-4626-80b2-3dd8f462996f,2025-06-22T01:52:15Z,2025-07-14T19:22:22Z,540c04c9-09fc-436f-957a-b842dc06a474
27,Siṃhavijṛmbhitā,A Erradicação de Toda a Presunção,Monja - senta-se em todos os tronos,Freira,Cheia de Força de Leão,"O Parque Sūrya Prabha na cidade de Kaliṅgavana, na terra de Śroṇāparānta. O parque é uma manifestação miraculosa da realização da monja, descrito com uma magnificência que supera os paraísos celestiais, com árvores de joias, lagos perfumados e tronos especificamente preparados para cada tipo de ser.","Sudhana chega à cidade de Kaliṅgavana na terra de Śroṇāparānta e encontra Siṃhavijṛmbhitā num parque chamado Sūryaprabha que, devido ao seu poder miraculoso, está coberto de jóias e outras manifestações miraculosas. Há tronos ao pé de árvores de jóias, em todos os quais se senta Siṃhavijṛmbhitā ensinando o Dharma a vários tipos de seres e bodhisattvas. Ela diz a Sudhana que alcançou a liberação bodhisattvica chamada a erradicação de toda a presunção, que lhe permite ir sob várias formas a vários mundos para fazer oferendas a budas e bodhisattvas.",27 SIṂHAVIJṚMBHITĀ Stem Array.pdf,https://drive.google.com/file/d/1UJiZtShyygi4EOBxdpflx8c_heOLKpYx/view?usp=drive_link,https://technosutra21.github.io/technosutra/?model=27,https://cdn.statically.io/gh/technosutra21/technosutra/master/modelo27.glb,/technosutra/si%E1%B9%83havij%E1%B9%9Bmbhit%C4%81,,4af27f5a-9710-4e01-9834-523db433fe5b,2025-06-22T01:52:15Z,2025-07-14T19:22:22Z,540c04c9-09fc-436f-957a-b842dc06a474
15,Indriyeśvara,A Sabedoria que Possui Clarividência em Todos os Ofícios,Mestre das Faculdades,Menino,Senhor dos Sentidos,"A confluência de rios na cidade de Sumukha, na terra de Śramaṇa-maṇḍala.","Sudhana encontra Indriyeśvara brincando na areia com outras dez mil crianças. Indriyeśvara conta a Sudhana que foi aluno de Mañjuśrī e dominou todos os tipos de ramos do conhecimento. Em particular, ele relata longamente o sistema de enumeração que os bodhisattvas usam. Entretanto, seu conhecimento é limitado a esse portal chamado a sabedoria que possui clarividência em todos os ofícios.",15 INDRIYEŚVARA Stem Array.pdf,https://drive.google.com/file/d/17_oNk0Fqy0SS8ZYX9S5nogGaTzrrQxmx/view?usp=drive_link,https://technosutra21.github.io/technosutra/?model=15,https://cdn.statically.io/gh/technosutra21/technosutra/master/modelo15.glb,/technosutra/indriye%C5%9Bvara,,4f27c212-26b3-4a15-9e2d-1eef539e8971,2025-06-22T01:52:15Z,2025-07-14T19:22:22Z,540c04c9-09fc-436f-957a-b842dc06a474
44,Māyādevī,as conjurações ilusórias da sabedoria da grande oração,"Antes de encontrar Māyādevī, Sudhana é recebido por várias deusas que o guiam e preparam, ensinando-o sobre a purificação da ""cidade da mente"" como pré-requisito para encontrar um verdadeiro kalyāṇamitra.",Mãe do Buda,"Ilusão, Mãe do Buda","Em um kūṭāgāra (pavilhão) miraculoso que surge do chão, em um grande lótus de joias.","Ratnanetrā, a deusa da cidade, aparece no céu para Sudhana e instrui sobre como cuidar da cidade de sua mente. Em seguida, duas deusas do corpo, Dharmapadmaśrīkuśalā e Hrīśrīmañjariprabhāvā, aparecem para ele, louvando Māyādevī e brilhando sobre Sudhana uma luz que traz realizações. Ele então encontra um rākṣasa, guardião do salão de reuniões dos bodhisattvas, que lhe ensina dois conjuntos de dez qualidades relacionadas com os kalyāṇamitras. Sudhana vê diante de si um gigantesco lótus, no centro da qual há um kūṭāgāra, dentro do qual está Māyādevī, que pode aparecer em qualquer lugar em qualquer ser sob várias formas.",44 MĀYĀDEVĪ Stem Array.pdf,"https://drive.google.com/file/d/16lJFuA44mA8ZtGrN_EPxlzpkyqDtopEr/view?usp=drive_link,",https://technosutra21.github.io/technosutra/?model=44,https://cdn.statically.io/gh/technosutra21/technosutra/master/modelo44.glb,/technosutra/m%C4%81y%C4%81dev%C4%AB,,5156d0db-10e2-4a2f-aa1b-c0cf824da945,2025-06-22T01:52:15Z,2025-07-14T19:22:22Z,540c04c9-09fc-436f-957a-b842dc06a474
48,Bhadrottamā,desimpedido,"Sudhana viaja para a cidade de Vartanaka, aproxima-se de Bhadrottamā, presta as homenagens habituais e pede para ser ensinado sobre a conduta do bodhisattva.",Mulher leiga,Mulher Supremamente Excelente,"A cidade chamada Vartanaka, na região de Kevalaka.","Sudhana encontra Bhadrottamā, descrita simplesmente como uma kalyāṇamitra. Ela afirma que alcançou o samādhi chamado desimpedido, através do qual ela tem sentidos desimpedidos e outros atributos de onisciência.",48 BHADROTTAMĀ.pdf,"https://drive.google.com/file/d/1jV5ZY9LvrniDIdS5GWV9xlmVGxA7ODwT/view?usp=drive_link,",https://technosutra21.github.io/technosutra/?model=48,https://cdn.statically.io/gh/technosutra21/technosutra/master/modelo48.glb,/technosutra/bhadrottam%C4%81,,57d52b00-f4c8-4f06-9de7-e7d4a284bc3a,2025-06-22T01:52:15Z,2025-07-14T19:22:22Z,540c04c9-09fc-436f-957a-b842dc06a474
34,Vāsantī, Portão Para Guiar Os Seres Através da Radiância do Dharma que Elimina a Escuridão de Todos os Seres,"Ao chegar a Kapilavastu ao anoitecer, Sudhana vê Vāsantī em um kūṭāgāra (pavilhão) de joias no céu.",Deusa da Noite,Deusa da Noite,"No céu, acima da cidade de Kapilavastu.","Sudhana chega a Kapilavastu e, após o pôr do sol, vê a deusa da noite Vāsantī no céu sobre a cidade. Ela tem um corpo dourado, e ele vê em seus poros os reinos de seres que ela libertou e suas várias emanações, e ele também ouve de seus poros os ensinamentos de Dharma que ela deu. Ela diz a Sudhana que alcançou a liberação bodhisattvica, chamada de portão para guiar os seres através da radiância do Dharma que elimina a escuridão de todos os seres. Ela descreve como ajuda vários seres que estão angustiados de várias maneiras na escuridão, e como liberta os seres da escuridão do saṃsāra e protege e salva os seres dos perigos físicos e espirituais.",34 VĀSANTĪ Stem Array.pdf,https://drive.google.com/file/d/1-8n6Tse6Ue3YEV0PDcdilxeBhydaRw3D/view?usp=drive_link,https://technosutra21.github.io/technosutra/?model=34,https://cdn.statically.io/gh/technosutra21/technosutra/master/modelo34.glb,/technosutra/v%C4%81sant%C4%AB,,59ddc2f4-5e3e-48d3-96de-59e4caea6a5c,2025-06-22T01:52:15Z,2025-07-14T19:22:22Z,540c04c9-09fc-436f-957a-b842dc06a474
50,Sucandra,luz inoxidável da sabedoria,"Seguindo a indicação de Muktāsāra, Sudhana encontra o chefe de família Sucandra, presta as homenagens e faz sua pergunta sobre a conduta do bodhisattva.",Chefe de família,Boa Lua,Em uma floresta ao lado da cidade de Bharukaccha.,"Sudhana encontra Sucandra, que lhe diz que sua realização está limitada à liberação bodhisattvica chamada luz inoxidável da sabedoria.",50 SUCANDRA Stem Array.pdf,"https://drive.google.com/file/d/1HzymJURMepb_Sx1veZDMbkWIbjVYDRB-/view?usp=drive_link,",https://technosutra21.github.io/technosutra/?model=50,https://cdn.statically.io/gh/technosutra21/technosutra/master/modelo50.glb,/technosutra/sucandra,,696c36c1-d70f-403c-ae06-88fe20b582b3,2025-06-22T01:52:15Z,2025-07-14T19:22:22Z,540c04c9-09fc-436f-957a-b842dc06a474
29,Veṣṭhila,Exibição Incessante da Família dos Budas,"Sudhana encontra Veṣṭhila, um devoto que faz oferendas a um santuário que contém um trono de sândalo de um Tathāgata.",Chefe de família,—,A cidade de Śubhapāraṃgama.,"Sudhana vai para a cidade de Śubhapāraṃgama, onde encontra o chefe de família Veṣṭhila, que atingiu o samādhi chamado exibição incessante da família dos budas quando abriu a porta de um santuário. Através desse samādhi ele vê incontáveis budas do passado, presente e futuro.",29 VEṢṬHILA Stem Array.pdf,https://drive.google.com/file/d/1yNuhfoYgXviW2CNZiSg88dXwgW-mzpil/view?usp=drive_link,https://technosutra21.github.io/technosutra/?model=29,https://cdn.statically.io/gh/technosutra21/technosutra/master/modelo29.glb,/technosutra/ve%E1%B9%A3%E1%B9%ADhila,,779a849c-5efd-421d-8b7e-f0991b0027ae,2025-06-22T01:52:15Z,2025-07-14T19:22:22Z,540c04c9-09fc-436f-957a-b842dc06a474
7,Megha,,"Sudhana encontra Megha em um pátio, sentado em um trono de leão, ensinando a ""exibição da roda giratória das sílabas"" para uma assembleia de dez mil seres.",Gramático,Nuvem,"A cidade de Vajrapura, na terra de Draviḍa.","Sudhana encontra Megha ensinando num trono, num pátio da cidade de Vajrapura. Megha desce do seu trono e faz muitas oferendas a Sudhana. Ele louva os bodhisattvas através de várias analogias, e raios de luz brilham de sua boca, espalhando-se por todo o universo. Muitas divindades de vários tipos vêm para ouvir. Então Megha senta-se novamente em seu trono e afirma que alcançou o poder de retenção de Sarasvatī, de modo que conhece as línguas de todos os diferentes tipos de deidades e outros seres em todos os mundos.",07 MEGHA Stem Array.pdf,https://drive.google.com/file/d/1dIzDu58w9WJAeZO2OVB1R30Pf9lVzgup/view?usp=drive_link,https://technosutra21.github.io/technosutra/?model=7,https://cdn.statically.io/gh/technosutra21/technosutra/master/modelo7.glb,/technosutra/megha,,7867bf11-05dc-4136-897d-fc63dd927d4f,2025-06-22T01:52:15Z,2025-07-14T19:22:22Z,540c04c9-09fc-436f-957a-b842dc06a474
54,Maitreya, a essência da exibição da memória infalível que se envolve com o conhecimento de todos os objectos de percepção nos três tempos,"Sudhana chega ao portal do grande pavilhão e, compreendendo ser a morada de um grande bodhisattva, se engaja em uma longa e profunda meditação e reverência, louvando o pavilhão com uma extensa série de reflexões e um longo poema de 55 versos.",Bodhisattva,"Amigo, Bodhisattva","O grande pavilhão (kūṭāgāra) chamado Vairocana-vyūhālaṃkāra-garbha, dentro do parque Mahāvyūha, na província de Samudrakaccha.","Sudhana, em um estado de grande realização espiritual, prostra-se à porta do kūṭāgāra chamado Vairocanavyūhālaṃkāragarbha e depois o circunavega muitas centenas de milhares de vezes. Ele enumera primeiro em prosa e depois em verso as muitas qualidades inconcebíveis dos bodhisattvas que têm este kūṭāgāra como sua residência. Então, ele vê Maitreya chegando com uma vasta comitiva. Maitreya dá-lhe as boas-vindas em verso, elogiando-o, descrevendo sua motivação para vir até ali e dando-lhe instruções.",54 MAITREYA Stem Array.pdf,"https://drive.google.com/file/d/13QCNAUv9uAnZh05Q4Sg4rs-Dkr5zYchz/view?usp=drive_link,",https://technosutra21.github.io/technosutra/?model=54,https://cdn.statically.io/gh/technosutra21/technosutra/master/modelo54.glb,/technosutra/maitreya,,7af12cfa-b879-492a-abde-6d4d2903f8bd,2025-06-22T01:52:15Z,2025-07-14T19:22:22Z,540c04c9-09fc-436f-957a-b842dc06a474
18,Sudarśana,A Exibição Desimpedida do Campo de Oração,"Sudhana encontra Ratnacūḍa e é convidado para sua casa, uma estrutura magnífica de dez andares, que funciona como um mandala tridimensional da jornada do bodhisattva.",Chefe de família,Coroa de Jóias,"A cidade de Siṃhapota, em um mercado movimentado, e sua casa de dez andares.","Sudhana encontra Ratnacūḍa no mercado da cidade. Ratnacūḍa leva-o para a sua casa de dez andares feita de ouro. Nos primeiros quatro andares ele testemunha a atividade de generosidade dos bodhisattvas, e no quinto andar e acima ele vê bodhisattvas a discutir o Dharma. No décimo andar todos os bodhisattvas estão na sua última vida. Ratnacūḍa conta a Sudhana como, no passado, fez uma oferenda de incenso a um buda e o aroma cobriu o mundo inteiro durante uma semana.",18 RATNACŪḌA Stem Array.pdf,https://drive.google.com/file/d/1or5nj0smIXHWd8Sb19v2k3DM58ssVIqH/view?usp=drive_link,https://technosutra21.github.io/technosutra/?model=18,https://cdn.statically.io/gh/technosutra21/technosutra/master/modelo18.glb,/technosutra/sudar%C5%9Bana,,85ae7cec-3685-49e9-af9b-17ef2d3a0ba5,2025-06-22T01:52:15Z,2025-07-14T19:22:22Z,540c04c9-09fc-436f-957a-b842dc06a474
36,Pramudita­nayana­jagad­virocanā,"a bandeira do poder da alegria vasta, sem mácula e completamente boa","Sudhana se aproxima da deusa, cujo nome significa ""Aquela Cujos Olhos Alegres Iluminam o Mundo"".",Deusa da Noite,Aquela que Ilumina o Mundo com Olhos Alegres,"No bodhimaṇḍa, dentro da grande assembleia do Buda.","Sudhana vai para o lado sul da bodhimaṇḍa, onde vê a deusa da noite Pramuditanayanajagadvirocanā. Sudhana vê corpos emanados, tão numerosos quanto todos os seres, saindo de todos os seus poros, ensinando o caminho do bodhisattva aos seres em diferentes línguas e formas. Sudhana elogia-a em verso e depois pergunta-lhe quando é que ela alcançou a sua liberação bodhisattvica, chamada a bandeira do poder da alegria vasta, sem mácula e completamente boa.",36 PRAMUDITANAYANAJAGADVIROCANĀ Stem Array.pdf,https://drive.google.com/file/d/1g7KSQafUfQnLgZA0ZmFXXnDkanWKfuQP/view?usp=drive_link,https://technosutra21.github.io/technosutra/?model=36,https://cdn.statically.io/gh/technosutra21/technosutra/master/modelo36.glb,/technosutra/pramudita%C2%ADnayana%C2%ADjagad%C2%ADvirocan%C4%81,,87439b19-b364-4090-9606-b1cf2272af8d,2025-06-22T01:52:15Z,2025-07-14T19:22:22Z,540c04c9-09fc-436f-957a-b842dc06a474
46,Viśvāmitra,!,"Sudhana, após descer do paraíso Trāyastriṃśa, encontra Viśvāmitra, que é descrito simplesmente como um professor de crianças, e pede por ensinamentos.",Professor/Mestre,Mestre Viśvāmitra,A cidade de Kapilavastu.,"Sudhana desce do paraíso Trāyastriṃśa para Kapilavastu, onde Viśvāmitra, um professor infantil, simplesmente o instruiu a ir ver Śilpābhijña na mesma cidade.",46 VIŚVĀMITRA Stem Array.pdf,https://drive.google.com/file/d/1Ps6nY9o2HldlOOANyA-PJsbO_QMQ1CJn/view?usp=sharing,https://technosutra21.github.io/technosutra/?model=46,https://cdn.statically.io/gh/technosutra21/technosutra/master/modelo46.glb,/technosutra/vi%C5%9Bv%C4%81mitra,,886accab-7bea-413e-a7c5-d9a314d3d0d1,2025-06-22T01:52:15Z,2025-07-14T19:22:22Z,540c04c9-09fc-436f-957a-b842dc06a474
35,Samanta­gambhīra­śrī­vimala­prabhā,subjugação completa através da bem-aventurança da paz de śamatha,Sudhana encontra outra deusa da noite que personifica a profundidade da meditação (śamatha) e a visão clara da natureza dos budas.,Deusa da Noite,Glória Profunda Universal Imaculada,"No bodhimaṇḍa, na terra de Magadha, próximo a Vāsantī.","Sudhana retorna ao bodhimaṇḍa e vê a deusa da noite Samantagambhīraśrīvimalaprabhā. Ela o instruiu sobre as dez qualidades que os bodhisattvas precisam alcançar. Ela afirma que alcançou a liberação bodhisattvica chamada subjugação completa através da bem-aventurança da paz de śamatha, através da qual ela pode ver todos os budas dos três tempos, receber todos os seus ensinamentos e amadurecer os seres de várias maneiras.",35 SAMANTAGAMBHĪRAŚRĪVIMALAPRABHĀ Stem Array.pdf,https://drive.google.com/file/d/1-nzNFOAyOVpC2hIcFuHy-Hd320paSYyK/view?usp=drive_link,https://technosutra21.github.io/technosutra/?model=35,https://cdn.statically.io/gh/technosutra21/technosutra/master/modelo35.glb,/technosutra/samanta%C2%ADgambh%C4%ABra%C2%AD%C5%9Br%C4%AB%C2%ADvimala%C2%ADprabh%C4%81,,892c1524-ec41-4608-ade9-5028ec7ac578,2025-06-22T01:52:15Z,2025-07-14T19:22:22Z,540c04c9-09fc-436f-957a-b842dc06a474
1,Buda Śākyamuni,'-,"O Buda está em um kūṭāgāra (pavilhão) magnificamente adornado em Jetavana, preparando-se para um grande ensinamento.",Buda,O Iluminado,"Jetavana, no parque de Anāthapiṇḍada em Śrāvastī.","O Buda Śākyamuni está em Jetavana em Śrāvastī com cinco mil bodhisattvas e quinhentos śrāvakas. Em suas mentes, eles desejam um ensinamento e, portanto, o Buda entra em samādhi, e incontáveis reinos búdicos aparecem ali dentro de um vasto kūṭāgāra. Os bodhisattvas também vêm de outros reinos para o Śrāvastī. Os śrāvakas, desprovidos do mérito necessário, são incapazes de ver esta exibição milagrosa.",01 THE SETTING Stem Array.pdf,https://drive.google.com/file/d/1nUGjdViJ3r4ZhfBBNxYs2hWzFUgYNfb5/view?usp=drive_link,https://technosutra21.github.io/technosutra/?model=1,https://cdn.statically.io/gh/technosutra21/technosutra/master/modelo1.glb,/technosutra/buda-%C5%9B%C4%81kyamuni,,93cb4d85-bb60-42f5-b053-eec88034d240,2025-06-22T01:52:15Z,2025-07-14T19:22:22Z,540c04c9-09fc-436f-957a-b842dc06a474
47,Śilpābhijña,conhecimento superior das artes,"Seguindo a orientação de Viśvāmitra, Sudhana vai até Śilpābhijña e, após as saudações formais, pede para ser instruído sobre a conduta do bodhisattva.",Mestre de letras,Conhecedor das Artes,"Não especificada, mas Sudhana o encontra após falar com Viśvāmitra.",Śilpābhijña diz a Sudhana que ele alcançou a liberação bodhisattvica chamada conhecimento superior das artes e descreve as várias realizações da perfeição da sabedoria que ele alcançou através da recitação das letras do alfabeto Arapacana.,47 ŚILPĀBHIJÑA Stem Array.pdf,"https://drive.google.com/file/d/1US-CI_jW82V6-eW1wfG6MPK3u7omKcYX/view?usp=drive_link,",https://technosutra21.github.io/technosutra/?model=47,https://cdn.statically.io/gh/technosutra21/technosutra/master/modelo47.glb,/technosutra/%C5%9Bilp%C4%81bhij%C3%B1a,,9e4af3b8-c0b4-4bab-ba7d-fb945a4525bd,2025-06-22T01:52:15Z,2025-07-14T19:22:22Z,540c04c9-09fc-436f-957a-b842dc06a474
32,Mahādeva,Rede de nuvens,Shiva,Deva (divindade),Grande Deus,Um templo na encruzilhada da cidade de Dvāravatī.,"Sudhana chega à cidade chamada Dvāravatī e encontra a divindade Mahādeva num templo no centro da cidade. Quando Sudhana lhe pede instruções, ele estende os quatro braços para os quatro grandes oceanos e traz de volta água para enxaguar a boca. Ele elogia os bodhisattvas, que são tão difíceis de encontrar, e afirma que alcançou a liberação bodhisattvica chamada rede de nuvens. Por meio dessa liberação, ele manifesta montes de jóias e objetos preciosos diante de Sudhana para que ele os use como oferendas aos budas, a fim de obter mérito.",32 MAHĀDEVA Stem Array.pdf,https://drive.google.com/file/d/163vdVBOLBjVU1vG0KEgkt6k860BKy-Az/view?usp=drive_link,https://technosutra21.github.io/technosutra/?model=32,https://cdn.statically.io/gh/technosutra21/technosutra/master/modelo32.glb,/technosutra/mah%C4%81deva,,9e63af2e-ebd2-45b1-9445-ed1805c0dbc9,2025-06-22T01:52:15Z,2025-07-14T19:22:22Z,540c04c9-09fc-436f-957a-b842dc06a474
41,Sarva­jagad­rakṣā­praṇidhāna­vīrya­prabhā,a origem das raízes do mérito que inspiram o amadurecimento de todos os seres,"Sudhana encontra a deusa, cujo corpo manifesta a totalidade do cosmos (sol, lua, estrelas) e aparece de forma adaptada a todos os seres.",Deusa da Noite,Luz do Vigor dos Votos para Proteger Todo o Mundo,"No bodhimaṇḍa, no meio de seu séquito.","Sudhana vê Sarvajagadrakṣāpraṇidhānavīryaprabhā com a imagem de todas as estrelas, e todo o resto, em seu corpo. Ela manifesta corpos de várias formas para os seres em todo o reino dos fenômenos. Olhando para ela, Sudhana alcança dez percepções puras e numerosas ""semelhanças"" com os bodhisattvas. Sudhana dirige-se a ela em verso, e ela diz-lhe que alcançou a liberação bodhisattvica chamada a origem das raízes do mérito que inspiram o amadurecimento de todos os seres. Isso significa que, tendo realizado a irrealidade dos fenômenos, ela pode manifestar-se de qualquer forma milagrosa para beneficiar os seres a cada instante.",41 SARVAJAGADRAKṢĀPRAṆIDHĀNAVĪRYAPRABHĀ Stem Array.pdf,https://drive.google.com/file/d/1XpVIyv22-XsSSLvFK9qkzLtLd1ToBTZB/view?usp=drive_link,https://technosutra21.github.io/technosutra/?model=41,https://cdn.statically.io/gh/technosutra21/technosutra/master/modelo41.glb,/technosutra/sarva%C2%ADjagad%C2%ADrak%E1%B9%A3%C4%81%C2%ADpra%E1%B9%87idh%C4%81na%C2%ADv%C4%ABrya%C2%ADprabh%C4%81,,a2b053df-cd67-479f-9bc1-723fb3d7cdfb,2025-06-22T01:52:15Z,2025-07-14T19:22:22Z,540c04c9-09fc-436f-957a-b842dc06a474
51,Ajitasena,caraterísticas incessantes,"Sudhana chega à cidade de Roruka, aproxima-se do chefe de família Ajitasena, presta as homenagens e faz sua pergunta sobre a conduta do bodhisattva.",Chefe de família,Exército Invencível,"A cidade de Roruka, na região sul.","Sudhana encontra Ajitasena, que alcançou uma liberação bodhisattvica chamada caraterísticas incessantes.",51 AJITASENA Stem Array.pdf,"https://drive.google.com/file/d/1yl8abtEsit4K0mPrC4117h6LaDs2ehWI/view?usp=drive_link,",https://technosutra21.github.io/technosutra/?model=51,https://cdn.statically.io/gh/technosutra21/technosutra/master/modelo51.glb,/technosutra/ajitasena,,a42d5728-70de-45d8-a148-0c3e1434655c,2025-06-22T01:52:15Z,2025-07-14T19:22:22Z,540c04c9-09fc-436f-957a-b842dc06a474
30,Avalokiteśvara,Portão Desimpedido Para A Grande Compaixão,"Seguindo a direção de Veṣṭhila, Sudhana finalmente chega à morada de Avalokiteśvara.",Bodhisattva,Senhor que Ouve os Clamores do Mundo,"O Monte Potalaka, descrito como um paraíso terrestre, com pastagens verdejantes, nascentes cristalinas e florestas, onde Avalokiteśvara ensina em uma encosta.","Sudhana vai para a montanha Potalaka e, em seu lado ocidental, encontra Avalokiteśvara ensinando dentro de um bosque. Avalokiteśvara coloca a sua mão radiante na cabeça de Sudhana e diz-lhe que tem a liberação bodhisattvica chamada portão desimpedido para a grande compaixão. Ele descreve como beneficia os seres através de várias manifestações e emanações, libertando-os de vários tipos de medo.",30 AVALOKITEŚVARA Stem Array.pdf,https://drive.google.com/file/d/1POHHJ3eoLEmo6Sxwf98KnqZ6pgbQfSwu/view?usp=drive_link,https://technosutra21.github.io/technosutra/?model=30,https://cdn.statically.io/gh/technosutra21/technosutra/master/modelo30.glb,/technosutra/avalokite%C5%9Bvara,,a4ae16a0-5310-4df8-8360-8866f1dc5076,2025-06-22T01:52:15Z,2025-07-14T19:22:22Z,540c04c9-09fc-436f-957a-b842dc06a474
45,Surendrābhā,a exibição da memória pura e desimpedida,Sudhana ascende ao reino celestial e encontra a deusa Surendrābhā.,Deusa dos Trinta e Três Céus,Deusa,O paraíso de Trāyastriṃśa (o céu dos 33 deuses).,"Sudhana chega ao Paraíso de Trāyastriṃśa e Surendrābhā diz-lhe que alcançou a liberação bodhisattvica chamada a exibição da memória pura e desimpedida. Isso a permite lembrar de servir incontáveis budas ao longo de incontáveis kalpas, desde o primeiro desenvolvimento da aspiração à iluminação até ao momento em que o seu Dharma cessa.",45 SURENDRĀBHĀ Stem Array.pdf,"https://drive.google.com/file/d/1aMn6JQMtEmStrLPt4J07lP-1Ut6G3sgN/view?usp=drive_link,",https://technosutra21.github.io/technosutra/?model=45,https://cdn.statically.io/gh/technosutra21/technosutra/master/modelo45.glb,/technosutra/surendr%C4%81bh%C4%81,,a8df78bc-a900-4d4e-a766-e5031ed38cf5,2025-06-22T01:52:15Z,2025-07-14T19:22:22Z,540c04c9-09fc-436f-957a-b842dc06a474
38,Praśanta­ruta­sāgara­vatī,a exibição em cada instante da mente do surgimento do poder do vasto deleite,"Sudhana encontra a próxima deusa da noite, cujo nome significa ""Aquela Cujo Som é Pacífico como o Oceano"", e ela o ensina sobre a alegria que surge da visão da atividade búdica.",Deusa da Noite,Aquela que Possui o Oceano de Sons Pacíficos,No bodhimaṇḍa.,"Sudhana dirige-se diretamente à deusa da noite Praśantarutasāgaravatī, que lhe diz ter atingido a liberação bodhisattvica, chamada a exibição em cada instante da mente do surgimento do poder do vasto deleite. Ela explica que ensina o Dharma em todos os lugares de várias maneiras aos seres e que pode ver todos os bodhisattvas onde quer que estejam e o que quer que estejam fazendo. Em particular, vê o Buda, a quem ela chama de Vairocana, a cada instante irradia raios de luz por toda parte que assumem várias formas para guiar os seres, e ver isso lhe dá grande prazer.",38 PRAŚANTARUTASĀGARAVATĪ Stem Array.pdf,https://drive.google.com/file/d/15tyjojZnCqiRGA5xid3poDrtBIoWpgwi/view?usp=drive_link,https://technosutra21.github.io/technosutra/?model=38,https://cdn.statically.io/gh/technosutra21/technosutra/master/modelo38.glb,/technosutra/pra%C5%9Banta%C2%ADruta%C2%ADs%C4%81gara%C2%ADvat%C4%AB,,ac526bbe-9a6e-4976-bba7-00ec14917e37,2025-06-22T01:52:15Z,2025-07-14T19:22:22Z,540c04c9-09fc-436f-957a-b842dc06a474
9,Sāgara­dhvaja,,"Sudhana encontra Sāgaradhvaja sentado em profunda meditação, imóvel e sem respirar.",Monge,Bandeira da Flecha,"Milaspharaṇa, na ponta do continente de Jambudvīpa.","Sudhana chega a Milaspharaṇa e encontra o monge Sāgaradhvaja sentado em meditação no final de uma passarela de meditação. Ele está emanando vários tipos de seres, bodhisattvas e budas de diferentes partes do seu corpo, e essas emanações estão se espalhando por todos os reinos búdicos, realizando vários tipos de atividades. Sudhana senta-se diante dele durante seis meses e seis dias, até que Sāgaradhvaja se levanta de seu samādhi.",09 SĀGARADHVAJA Stem Array.pdf,https://drive.google.com/file/d/10iJh-r5hmq5Dtgx8VnYKWfaPc25d8NHT/view?usp=drive_link,https://technosutra21.github.io/technosutra/?model=9,https://cdn.statically.io/gh/technosutra21/technosutra/master/modelo9.glb,/technosutra/s%C4%81gara%C2%ADdhvaja,,ad767802-f152-48f4-98e3-d2aba21720f0,2025-06-22T01:52:15Z,2025-07-14T19:22:22Z,540c04c9-09fc-436f-957a-b842dc06a474
20,Anala,Realização das Ilusões,Sudhana encontra o Rei Anala presidindo um cenário de punições terríveis.,Rei,Sem Fogo,"A cidade de Tāladhvaja, especificamente na sala do trono do rei e, posteriormente, em seu palácio.","Sudhana encontra o rei Anala sentado no trono julgando centenas de milhares de criminosos enquanto uma horda de carrascos aterrorizantes os castiga de várias maneiras, criando um lago de sangue e uma montanha de partes de corpos. Sudhana tem dúvidas sobre se o rei Anala é um bodhisattva, mas divindades aparecem no céu e dizem-lhe para não duvidar. O rei Anala leva Sudhana para o seu palácio e explica que o que ele viu é uma ilusão que o rei cria para inspirar os seres a evitarem más ações.",20 ANALA Stem Array.pdf,https://drive.google.com/file/d/1w1XCClLHCdSGgQ3_yYCQ1TWDsFcfi4J9/view?usp=drive_link,https://technosutra21.github.io/technosutra/?model=20,https://cdn.statically.io/gh/technosutra21/technosutra/master/modelo20.glb,/technosutra/anala,,adae10b0-a57a-4894-8a09-7a249b519683,2025-06-22T01:52:15Z,2025-07-14T19:22:22Z,540c04c9-09fc-436f-957a-b842dc06a474
25,Vaira,Lembrar-se de permanecer com um frutífero ver e ouvir do estandarte da grande compaixão,Marinheiro,Marinheiro,Diamante,A cidade costeira de Kūṭāgāra.,"Sudhana vai para a cidade de Kūṭāgāra e encontra o marinheiro Vaira no portão da cidade, na costa do oceano, onde ele está contando histórias do mar para cem mil comerciantes e muitas centenas de milhares de outras pessoas, descrevendo as qualidades do Buda. Ele diz a Sudhana que pratica a conduta de bodhisattva chamada bandeira da grande compaixão, ajuda os seres de várias maneiras, conhece a localização de ilhas e tesouros e as formas de navegar no oceano, e conduz os seres à iluminação através de seus ensinamentos.",25 VAIRA Stem Array.pdf,https://drive.google.com/file/d/1DMLHMUO6qOq1EiIoMS4WtuIryK4bGODq/view?usp=drive_link,https://technosutra21.github.io/technosutra/?model=25,https://cdn.statically.io/gh/technosutra21/technosutra/master/modelo25.glb,/technosutra/vaira,,b62d4004-7d10-41ed-83eb-333ad8421b33,2025-06-22T01:52:15Z,2025-07-14T19:22:22Z,540c04c9-09fc-436f-957a-b842dc06a474
12,Jayoṣmāyatana,O Domínio Incessante,Sudhana encontra Jayoṣmāyatana engajado em práticas ascéticas aterrorizantes.,Brâmane,Lugar da Vitória e do Brilho,"A terra de Īṣāṇa, onde ele está posicionado entre uma montanha de fogo e um penhasco com um caminho de navalhas.","Sudhana encontra o brâmane Jayoṣmāyatana realizando a prática ascética de sentar-se sob um penhasco cercado por quatro fogueiras e sob o sol do meio-dia. Ele diz a Sudhana que se ele subir até o topo do precipício acima e saltar dentro do fogo, terá uma conduta pura. Ao ouvir isso, Sudhana tem dúvidas sobre Jayoṣmāyatana, mas aparecem divindades no céu descrevendo como o ascetismo de Jayoṣmāyatana os beneficiou no caminho para a budeidade.",12 JAYOṢMĀYATANA Stem Array.pdf,https://drive.google.com/file/d/18AH15IUSQvMfcxtHadArTG4urbCptbjC/view?usp=drive_link,https://technosutra21.github.io/technosutra/?model=12,https://cdn.statically.io/gh/technosutra21/technosutra/master/modelo12.glb,/technosutra/jayo%E1%B9%A3m%C4%81yatana,,ba405732-1a2a-4f6b-900a-db31c8a83ea3,2025-06-22T01:52:15Z,2025-07-14T19:22:22Z,540c04c9-09fc-436f-957a-b842dc06a474
52,Śivarāgra, fala da verdade que realiza desejos,"Sudhana chega à vila de Dharma, encontra o brâmane Śivarāgra, presta as homenagens e faz sua pergunta sobre a conduta do bodhisattva.",Brâmane,Pico Auspicioso,"A vila chamada Dharma, na região sul.","Sudhana encontra o brâmane Śivarāgra, que alcançou o poder da fala da verdade que realiza desejos.",52 ŚIVARĀGRA Stem Array.pdf,"https://drive.google.com/file/d/1W7iNLBkDpCzvDz-b1dVYmLvGwv_VgyBU/view?usp=drive_link,",https://technosutra21.github.io/technosutra/?model=52,https://cdn.statically.io/gh/technosutra21/technosutra/master/modelo52.glb,/technosutra/%C5%9Bivar%C4%81gra,,bc0347db-1a34-4328-abd9-42bc2899181c,2025-06-22T01:52:15Z,2025-07-14T19:22:22Z,540c04c9-09fc-436f-957a-b842dc06a474
33,Sthāvarā,a essência da sabedoria invencível,"Ao chegar ao bodhimaṇḍa, Sudhana é recebido por Sthāvarā e um milhão de outras deusas da terra que, em sua chegada, fazem o mundo tremer, chover flores e perfumes, e revelam tesouros da terra.",Deusa da Terra,A Terra,O bodhimaṇḍa (local da iluminação) na terra de Magadha.,"Sudhana deixa o sul da Índia e chega ao bodhimaṇḍa em Magadha. Quando ele se aproxima da deusa da terra, Sthāvarā, outro milhão de deusas da terra declaram que um grande ser realizado está se aproximando. Elas manifestam uma série de aparências miraculosas. Sthāvarā afirma que Sudhana acumulou méritos neste lugar em vidas passadas e demonstra o seu resultado pisando o chão, de modo que aparecem milhões de tesouros que Sudhana sempre poderá usar.",33 STHĀVARĀ Stem Array.pdf,https://drive.google.com/file/d/1FDwkCCv-_kSXq9cbc-yf8ywD23fAlysA/view?usp=drive_link,https://technosutra21.github.io/technosutra/?model=33,https://cdn.statically.io/gh/technosutra21/technosutra/master/modelo33.glb,/technosutra/sth%C4%81var%C4%81,,bc62b952-ed75-4b71-9d7b-72ec14367d9f,2025-06-22T01:52:15Z,2025-07-14T19:22:22Z,540c04c9-09fc-436f-957a-b842dc06a474
42,Sutejomaṇḍala­rati­śrī,as manifestações miraculosas no nascimento de bodhisattvas através de todas as percepções de incontáveis kalpas,Sudhana chega à sagrada floresta de Lumbinī e encontra a deusa ensinando o Dharma para uma vasta assembleia de duzentos mil trilhões de deusas da floresta.,Deusa da Noite,Deusa da Floresta de Lumbinī,"Na floresta de Lumbinī, o local de nascimento do Buda Śākyamuni.","Sudhana vai para a Floresta de Lumbinī e vê Sutejomaṇḍalaratiśrī dentro de um kūṭāgāra feito de preciosos ramos de árvores, ensinando um sūtra a milhões de deusas da floresta. Ela ensina Sudhana em prosa e novamente em verso os dez tipos de nascimento através dos quais um bodhisattva entra na família dos tathāgatas. Ela afirma que alcançou a liberação bodhisattvica chamada as manifestações miraculosas no nascimento de bodhisattvas através de todas as percepções de incontáveis kalpas.",42 SUTEJOMAṆḌALARATIŚRĪ Stem Array.pdf,https://drive.google.com/file/d/1vRGLmDBHK67XsQfNyADzuHHqLazg48bG/view?usp=drive_link,https://technosutra21.github.io/technosutra/?model=42,https://cdn.statically.io/gh/technosutra21/technosutra/master/modelo42.glb,/technosutra/sutejoma%E1%B9%87%E1%B8%8Dala%C2%ADrati%C2%AD%C5%9Br%C4%AB,,c1204e90-c78e-4214-819a-fe8b57bd3904,2025-06-22T01:52:15Z,2025-07-14T19:22:22Z,540c04c9-09fc-436f-957a-b842dc06a474
49,Muktāsāra,exibição da memória pura e desimpedida,"Sudhana viaja para a cidade de Bharukaccha, encontra o ourives Muktāsāra, presta as homenagens e faz sua pergunta sobre como um bodhisattva deve treinar.",Ourives,Essência da Liberação,"A cidade de Bharukaccha, na região sul.","Sudhana encontra o ourives Muktāsāra na cidade do sul de Bharukaccha. Muktāsāra diz que alcançou a liberação bodhisattvica chamada exibição da memória pura e desimpedida, e procura continuamente o Dharma aos pés dos tathāgatas, nas dez direções.",49 MUKTĀSĀRA Stem Array.pdf,https://drive.google.com/file/d/11UHAwjXBhI6mY9mBuUa9d_cysRw6EC6a/view?usp=drive_link,https://technosutra21.github.io/technosutra/?model=49,https://cdn.statically.io/gh/technosutra21/technosutra/master/modelo49.glb,/technosutra/mukt%C4%81s%C4%81ra,,cc5ba3d4-d98d-47e0-ab07-770b09e1bc56,2025-06-22T01:52:15Z,2025-07-14T19:22:22Z,540c04c9-09fc-436f-957a-b842dc06a474
5,Sāgara­megha,Olhos Que-Tudo-Vêem,Sudhana o encontra e faz uma série de perguntas poéticas sobre como um bodhisattva avança no caminho.,Monge,Nuvem do Oceano,"Na costa do oceano, em um distrito chamado Sāgaramukha.","Sudhana encontra-se com Sāgaramegha, que descreve como, ao concentrar-se no oceano e nas suas qualidades durante doze anos, viu surgir do oceano um buda sentado numa preciosa flor de lótus gigante, com inúmeras divindades de vários tipos a prestarem homenagens para aquele buda, que lhe concedeu um ensinamento chamado Olhos Que Tudo Vêem.",05 SĀGARAMEGHA Stem Array.pdf,https://drive.google.com/file/d/1EYvXCd9rENlfN_6k8xgK1Gn9KjNF0pUk/view?usp=drive_link,https://technosutra21.github.io/technosutra/?model=5,https://cdn.statically.io/gh/technosutra21/technosutra/master/modelo5.glb,/technosutra/s%C4%81gara%C2%ADmegha,,d3da636f-2fb8-4e6b-b2a9-bfa76c56b679,2025-06-22T01:52:15Z,2025-07-14T19:22:22Z,540c04c9-09fc-436f-957a-b842dc06a474
53,Śrīsaṃbhava & Śrīmati,aparência da ilusão,Sudhana chega à cidade e se aproxima do menino e da menina.,Jovens,Nacimento Auspicioso e Aquele Que Possui Glória,"A cidade de Sumanāmukha, na região sul.","Sudhana encontra o rapaz e a garota Śrīsaṃbhava e Śrīmati. Juntos, a uma só voz, dizem que atingiram a liberação bodhisattvica chamada aparência da ilusão, através da qual vêem todos os fenómenos como ilusões. Estando limitados a essa realização, dizem a Sudhana que vá a um kūṭāgāra no sul da Índia, no qual habita o bodhisattva Maitreya. Eles descrevem as qualidades de Maitreya e dão a Sudhana conselhos sobre sua prática da conduta de bodhisattva, descrevendo longamente as qualidades que um bodhisattva precisa alcançar.",53 ŚRĪSAṂBHAVA AND ŚRĪMATI Stem Array.pdf,"https://drive.google.com/file/d/1mr_VN1Wgs4lI1C_4gaipkfYEyblp-9Lp/view?usp=drive_link,",https://technosutra21.github.io/technosutra/?model=53,https://cdn.statically.io/gh/technosutra21/technosutra/master/modelo53.glb,/technosutra/%C5%9Br%C4%ABsa%E1%B9%83bhava-%26-%C5%9Br%C4%ABmati,,d59894d9-f712-49f5-a8a0-e37e567d9746,2025-06-22T01:52:15Z,2025-07-14T19:22:22Z,540c04c9-09fc-436f-957a-b842dc06a474
55,Manjushri,!,"Depois de deixar Maitreya, Sudhana está na cidade de Sumanāmukha, pensando e procurando por Mañjuśrī, aspirando vê-lo.",Bodhisattva,Senhor da Sabedoria,"Sudhana está na cidade de Sumanāmukha, enquanto Mañjuśrī está a uma distância de 110 yojanas.","Sudhana passa por cento e dez cidades até chegar a um distrito chamado Sumanāmukha. Mañjuśrī está longe‍- cento e dez yojanas‍- mas estende a mão e a coloca sobre a cabeça de Sudhana o louvando, ensina e abençoa, de modo que Sudhana obtém muitas realizações.",55 MAÑJUŚRĪ Stem Array.pdf,"https://drive.google.com/file/d/1309vcohQoA9cXI5n6oPP8hz49nUqjiyP/view?usp=drive_link,",https://technosutra21.github.io/technosutra/?model=55,https://cdn.statically.io/gh/technosutra21/technosutra/master/modelo55.glb,/technosutra/manjushri,,d63e304c-3f18-4784-b26c-fae9b7999967,2025-06-22T01:52:15Z,2025-07-14T19:22:22Z,540c04c9-09fc-436f-957a-b842dc06a474
22,Acalā,A Essência da Sabedoria que É Difícil de Alcançar,Sudhana encontra Acalā na casa de seus pais.,Mulher leiga,"Imóvel, Firme",A cidade de Sthirā.,"Sudhana chega à cidade de Sthirā e encontra a upāsikā Acalā em casa com seus pais, numa casa que brilha com uma luz dourada que faz Sudhana entrar em estados de samādhi. Ela é extremamente bela, brilhando com luz, e tem um aroma excepcional. Acalā descreve a sua vida passada como uma princesa durante o tempo do Buda Pralambabāhu. Uma noite, ela o viu brilhando no céu e, desde então, seguiu suas instruções por muitos kalpas.",22 ACALĀ Stem Array.pdf,https://drive.google.com/file/d/1O95SwV5Drgwv6MiH4KFvES4ySxTMJoar/view?usp=drive_link,https://technosutra21.github.io/technosutra/?model=22,https://cdn.statically.io/gh/technosutra21/technosutra/master/modelo22.glb,/technosutra/acal%C4%81,,d8a99942-8660-44c1-ab03-441b3ea3e5c2,2025-06-22T01:52:15Z,2025-07-14T19:22:22Z,540c04c9-09fc-436f-957a-b842dc06a474
8,Muktaka,Exibição Desimpedida,"Incontáveis budas, seus feitos, seus reinos e suas pupilas tornam-se visíveis dentro do seu corpo",Comunidade de meditação,Libertado,A cidade de Vanavāsī.,"Depois de doze anos, Sudhana chega a Vanavāsī e encontra Muktaka. Muktaka entra num estado de meditação através do poder de retenção chamado a assembleia de todos os reinos búdicos, e incontáveis budas, seus feitos, seus reinos e suas pupilas tornam-se visíveis dentro do seu corpo. Ele sai de sua meditação e afirma que através da liberação chamada exibição desimpedida, ele pode ver qualquer buda em qualquer reino ou tempo que desejar.",08 MUKTAKA Stem Array.pdf,https://drive.google.com/file/d/1_-jrp0CqvsJ5fuHpQkh2Zd7tfrPq_CYy/view?usp=drive_link,https://technosutra21.github.io/technosutra/?model=8,https://cdn.statically.io/gh/technosutra21/technosutra/master/modelo8.glb,/technosutra/muktaka,,df2cbfa8-48f5-407c-8d9f-40465fb3b511,2025-06-22T01:52:15Z,2025-07-14T19:22:22Z,540c04c9-09fc-436f-957a-b842dc06a474
37,Samanta­sattva­trāṇojaḥ­śrī,as manifestações que guiam os seres que aparecem em todos os mundos.,"Continuando sua jornada através da assembleia de deusas da noite, Sudhana encontra Samanta­sattva­trāṇojaḥ­śrī, cujo nome significa ""Glória do Poder que Protege Todos os Seres"".",Deusa da Noite,Glória da Proteção Universal dos Seres,No bodhimaṇḍa.,"Quando Sudhana percorre a curta distância para ver a deusa da noite Samantasattvatrāṇojaḥśrī, ela irradia sobre ele um raio de luz que o faz entrar num samādhi e ver mundos nos átomos do solo, e vê-la aparecer em todos eles para guiar e ajudar os seres através do poder da sua liberação bodhisattvica chamada as manifestações que guiam os seres que aparecem em todos os mundos. Sudhana recita-lhe versos, descrevendo essa visão, e pergunta-lhe quando alcançou essa liberação.",37 SAMANTASATTVATRĀṆOJAḤŚRĪ Stem Array.pdf,https://drive.google.com/file/d/1HW4ukW5J3BIC5zupSFqxaN8MCSJEq9SI/view?usp=drive_link,https://technosutra21.github.io/technosutra/?model=37,https://cdn.statically.io/gh/technosutra21/technosutra/master/modelo37.glb,/technosutra/samanta%C2%ADsattva%C2%ADtr%C4%81%E1%B9%87oja%E1%B8%A5%C2%AD%C5%9Br%C4%AB,,e932bab4-6c0c-4940-9841-2d49d44f8f2a,2025-06-22T01:52:15Z,2025-07-14T19:22:22Z,540c04c9-09fc-436f-957a-b842dc06a474
43,Gopā,o alcance da visão de todos os caminhos do oceano dos samādhis dos bodhisattvas,"Sudhana chega ao salão de assembleia e é saudado pela deusa do salão, Aśokaśrī, que o louva por sua dedicação.",Menina,Menina,"No salão de assembleia dos bodhisattvas chamado ""Luz Iluminadora do Reino do Dharma"", na cidade de Kapilavastu.","Sudhana chega a Kapilavastu e é saudado e elogiado por Aśokaśrī, a deusa do Salão de assembléias de Kapilavastu. Sudhana descreve-lhe o seu caminho de bodhisattva. Ela e outras deusas então fazem oferendas e o louvam em verso. Sudhana entra no salão da assembleia e vê Gopā e sua comitiva de mulheres reais, todas praticantes do caminho do bodhisattva. Em prosa e depois em verso, Gopā ensina a Sudhana as dez qualidades da conduta do bodhisattva e as dez maneiras de agradar aos kalyāṇamitras. Ela afirma que alcançou a liberação bodhisattvica chamada o alcance da visão de todos os caminhos do oceano dos samādhis dos bodhisattvas.",43 GOPĀ Stem Array.pdf,https://drive.google.com/file/d/1A7XNn3mds_EmMjDUti1TbtXtAWrMzJrp/view?usp=drive_link,https://technosutra21.github.io/technosutra/?model=43,https://cdn.statically.io/gh/technosutra21/technosutra/master/modelo43.glb,/technosutra/gop%C4%81,,f2127e60-f69d-446b-9d28-02b0e104f519,2025-06-22T01:52:15Z,2025-07-14T19:22:22Z,540c04c9-09fc-436f-957a-b842dc06a474
17,Maitrayaṇī,O Mérito que Surge do Tesouro da Mente,"Sudhana encontra Vidvān sentado em um magnífico trono de joias em uma movimentada encruzilhada, cercado por um séquito de músicos celestiais e seres que superam a beleza de devas e humanos.",Chefe de família,Sábio,Uma encruzilhada no centro da cidade de Mahāsaṃbhava.,"Sudhana encontra Vidvān num trono sobre uma plataforma na encruzilhada no centro da cidade. Vidvān diz a Sudhana que ele alcançou a liberação bodhisattvica chamada o mérito que surge do tesouro da mente. Portanto, ele é capaz de fornecer aos seres tudo o que eles desejam, e ele trouxe sua comitiva de dez mil músicos para o caminho da iluminação. Sudhana vê inúmeros seres chegarem. Quando Vidvān olha para o céu, tudo o que os seres desejam desce para as mãos de Vidvān, e ele dá-lhes.",17 VIDVĀN Stem Array.pdf,https://drive.google.com/file/d/10RTf1Bcc27ITsOR6J22E3e3bNX77nyhb/view?usp=drive_link,https://technosutra21.github.io/technosutra/?model=17,https://cdn.statically.io/gh/technosutra21/technosutra/master/modelo17.glb,/technosutra/maitraya%E1%B9%87%C4%AB,,f661fd75-7053-4ec5-a176-0d23f9438ee5,2025-06-22T01:52:15Z,2025-07-14T19:22:22Z,540c04c9-09fc-436f-957a-b842dc06a474
16,Jayoṣmāyatana,A exibição Incessante do Tesouro do Mérito,"Sudhana encontra Prabhūtā, uma jovem donzela de beleza estonteante, sentada em uma casa que, embora pareça simples, pode acomodar um número infinito de seres.",Mulher leiga,Abundante,Uma casa na cidade de Samudra-pratiṣṭhāna.,"Sudhana encontra a jovem Prabhūtā em uma casa maravilhosa, vestindo um simples manto branco e sem jóias, com apenas um pequeno pote diante de si e nenhuma outra provisão em sua casa. Dez mil belas donzelas estão presentes como suas assistentes. Ela diz a Sudhana que alcançou a liberação bodhisattvica chamada a exibição incessante do tesouro do mérito. Através disso, ela é capaz de fornecer a incontáveis seres, em todas as direcções, tudo o que desejarem do seu pequeno pote.",16 PRABHŪTĀ Stem Array.pdf,https://drive.google.com/file/d/1w4KsT08gEWVgqk8rm13D6t4I_pLSVLNY/view?usp=drive_link,https://technosutra21.github.io/technosutra/?model=16,https://cdn.statically.io/gh/technosutra21/technosutra/master/modelo16.glb,/technosutra/jayo%E1%B9%A3m%C4%81yatana,,f75b2546-844f-4890-a6f1-d826f6544afa,2025-06-22T01:52:15Z,2025-07-14T19:22:22Z,540c04c9-09fc-436f-957a-b842dc06a474
24,Utpalabhūti,Perfumes ? !,"Sudhana encontra Utpalabhūti, um especialista que conhece a fundo todos os tipos de fragrâncias e seus efeitos transformadores.",Perfumista,Flores de Lótus,A terra de Pṛthurāṣṭra.,"Sudhana chega à terra chamada Pṛthurāṣṭra e encontra o comerciante de perfumes Utpalabhūti, que conta a Sudhana sobre seu domínio de perfumes que têm efeitos mágicos e espirituais.",24 UTPALABHŪTI Stem Array.pdf,https://drive.google.com/file/d/1LJpoqMIkKoDkjofsglBNd7cfPlXw_txH/view?usp=drive_link,https://technosutra21.github.io/technosutra/?model=24,https://cdn.statically.io/gh/technosutra21/technosutra/master/modelo24.glb,/technosutra/utpalabh%C5%ABti,,f987472b-ccdf-474d-a83e-d45ea36ae0f0,2025-06-22T01:52:15Z,2025-07-14T19:22:22Z,540c04c9-09fc-436f-957a-b842dc06a474
40,Sarva­vṛkṣpraphullana­sukha­saṃvāsā,surgimento da vasta luz irradiante da alegria,"Sudhana encontra a deusa que, ao pôr do sol, influencia todos os seres a buscarem refúgio e descanso.",Deusa da Noite,Aquela que Habita na Felicidade de Todas as Árvores Florescendo,"Em um kūṭāgāra (pavilhão) feito de árvores preciosas, sentada em um trono de leão feito de mudas de árvores.","A deusa da noite Sarvavṛkṣpraphullanasukhasaṃvāsā está sentada num kūṭāgāra, um trono feito de ramos preciosos. Ela conta a Sudhana como a noite faz com que os seres desejem retornar aos seus lares e como ela conduz os seres à boa conduta e à liberação. Ela afirma que alcançou a liberação bodhisattvica chamada surgimento da vasta luz irradiante da alegria, e que tem o conhecimento para reunir os seres como alunos. Através dela, lembra-se da conduta passada, do progresso e da realização do Buda, referido como Vairocana.",40 SARVAVṚKṢPRAPHULLANASUKHASAṂVĀSĀ Stem Array.pdf,https://drive.google.com/file/d/1M_rLGFCRJjHymBk4330lhPXnmBhDqPws/view?usp=drive_link,https://technosutra21.github.io/technosutra/?model=40,https://cdn.statically.io/gh/technosutra21/technosutra/master/modelo40.glb,/technosutra/sarva%C2%ADv%E1%B9%9Bk%E1%B9%A3praphullana%C2%ADsukha%C2%ADsa%E1%B9%83v%C4%81s%C4%81,,fb6f3a5a-5961-4d8c-ae43-1335a6898a82,2025-06-22T01:52:15Z,2025-07-14T19:22:22Z,540c04c9-09fc-436f-957a-b842dc06a474
13,Maitrayaṇī,"A Exibição Completa 
da Memória","Sudhana chega a um palácio de magnificência inconcebível, com pisos de cristal e pilares de berilo.",Menina,Amizade Feminina,"O palácio Vairocana-garbha (""Matriz da Iluminação de Vairocana"") na cidade de Siṃha-vijṛmbhita.","Sudhana encontra a princesa Maitrayaṇī com uma comitiva de quinhentas donzelas num palácio milagroso. Ela instrui Sudhana a olhar ao redor do palácio, e vê inúmeros budas em cada objeto. Ela diz a Sudhana que alcançou o portal de entrada para a perfeição da sabedoria chamada a exibição completa da memória.",13 MAITRAYAṆĪ Stem Array.pdf,https://drive.google.com/file/d/1iOVZZm6vzqPfAwVpjr5z7XOf7RiqlJbz/view?usp=drive_link,https://technosutra21.github.io/technosutra/?model=13,https://cdn.statically.io/gh/technosutra21/technosutra/master/modelo13.glb,/technosutra/maitraya%E1%B9%87%C4%AB,,ff2dccca-3c58-4b05-bf85-b210c3a46e2e,2025-06-22T01:52:15Z,2025-07-14T19:22:22Z,540c04c9-09fc-436f-957a-b842dc06a474
11,Bhīṣmottara­nirghoṣa,Estandarte de ser Invencível para os Outros,"Sudhana busca e encontra o ṛṣi Bhīṣmottara Nirghoṣa, um asceta com cabelos emaranhados e vestes de casca de árvore, meditando em um ashram.",Vidente,Vidente Supremo Intrépido,Uma floresta idílica na terra de Nālayu.,"Sudhana chega a Nālayu e encontra o ṛṣi Bhīṣmottaranirghoṣa, juntamente com dez mil jovens alunos, num ashram numa floresta milagrosamente bela. Bhīṣmottaranirghoṣa fala aos seus alunos da grandeza de Sudhana, e eles fazem-lhe oferendas. Bhīṣmottaranirghoṣa diz a Sudhana que ele alcançou a liberação bodhisattvica chamada estandarte de ser invencível para os outros.",11 BHĪṢMOTTARANIRGHOṢA Stem Array.pdf,https://drive.google.com/file/d/1SLw127gIGv-I73p-U54V-BkfD9WGWSNc/view?usp=drive_link,https://technosutra21.github.io/technosutra/?model=11,https://cdn.statically.io/gh/technosutra21/technosutra/master/modelo11.glb,/technosutra/bh%C4%AB%E1%B9%A3mottara%C2%ADnirgho%E1%B9%A3a,,ff755e5d-c0a2-439a-a3d6-a69ddd9e6622,2025-06-22T01:52:15Z,2025-07-14T19:22:22Z,540c04c9-09fc-436f-957a-b842dc06a474
